<jaxb:bindings 
    version="1.0" 
    xmlns:jaxb="http://java.sun.com/xml/ns/jaxb" 
    xmlns:xs="http://www.w3.org/2001/XMLSchema" 
    xmlns:xjc="http://java.sun.com/xml/ns/jaxb/xjc"
    jaxb:extensionBindingPrefixes="xjc">
    <jaxb:bindings node="/xs:schema" schemaLocation="EAST.xsd">

        <!-- Renommage de la balise "IMAGE" en IMAGEOBJECT pour eviter les confusion avec les elements name="image" -->        
        <jaxb:bindings node="//xs:schema//xs:element[@name='IMAGE']">
            <jaxb:class name="IMAGEOBJECT" />
        </jaxb:bindings>
       
        <!-- Renommage de la reference IMAGE en IMAGEOBJECT dans la balise ENVIMAGE pour rester coherent -->
        <jaxb:bindings node="//xs:schema//xs:element[@name='ENVIMAGE']//xs:complexType//xs:sequence//xs:element[@ref='IMAGE']">
            <jaxb:property name="IMAGEOBJECT" />
        </jaxb:bindings>
        
    </jaxb:bindings>
</jaxb:bindings>