<?xml version='1.0' encoding='UTF-8' ?>
<schemas xmlns='http://xml.netbeans.org/schema/JAXBWizConfig' destdir='build/generated-sources/jaxb' projectName='EAst_Converter' version='1.0'>
	<schema type='-xmlschema' package='' name='east'>
		<xjc-options>
		</xjc-options>
		<schema-sources>
			<schema-source location='xml-resources/jaxb/east/EAST.xsd' origLocation='src/EAST.xsd'/>
		</schema-sources>
		<bindings>
			<binding origLocation='src/binding.xml' location='xml-resources/jaxb/east/binding.xml'/>
		</bindings>
		<catalog/>
	</schema>
</schemas>
