<?xml version="1.0" encoding="UTF-8" standalone="yes"?>
<EAST>
    <PIEDPAGE_GAUCHE>Utilisation de JAXB</PIEDPAGE_GAUCHE>
    <PIEDPAGE_DROIT>Samedi le 10 Fevrier 2018</PIEDPAGE_DROIT>
    <PAGE_TITRE>
        <TITRE>Ma premier tranformation PPTX vers EAST</TITRE>
        <SOUS_TITRE>In shaa Allah</SOUS_TITRE>
        <AUTEUR>Serigne BODIAN</AUTEUR>
        <EMAIL>massebodian@mail.com</EMAIL>
    </PAGE_TITRE>
    <PARTIE>
        <TITRE>yo-2016.pptx</TITRE>
        <SECTION>
            <TITRE>UNIVERSITE CHEIKH ANTA DIOP DE DAKAR

                ECOLE SUPERIEURE POLYTECHNIQUE

                DEPARTEMENT GENIE INFORMATIQUE</TITRE>
            <PARAGRAPHE>UNIVERSITE CHEIKH ANTA DIOP DE DAKAR

                ECOLE SUPERIEURE POLYTECHNIQUE

                DEPARTEMENT GENIE INFORMATIQUE</PARAGRAPHE>
            <PARAGRAPHE/>
            <ENVIMAGE image="file:///C:\Users\Serigne\Documents\NetBeansProjects\EAst Converter\image_2.png">
                <IMAGE fichier="file:///C:\Users\Serigne\Documents\NetBeansProjects\EAst Converter\image_2.png" alt="Test image" largeur="50" hauteur="50"/>
            </ENVIMAGE>
            <PARAGRAPHE/>
            <PARAGRAPHE/>
            <PARAGRAPHE/>
            <PARAGRAPHE/>
            <PARAGRAPHE/>
        </SECTION>
        <SECTION>
            <TITRE>Sommaire</TITRE>
            <PARAGRAPHE>Sommaire</PARAGRAPHE>
            <PARAGRAPHE>Présentation générale
                Analyse et spécification des besoins
                Conception générique 
                Présentation de l’application
                Bilan et Perspectives
                Conclusion</PARAGRAPHE>
            <PARAGRAPHE/>
        </SECTION>
        <SECTION>
            <PARAGRAPHE/>
            <PARAGRAPHE/>
            <PARAGRAPHE/>
        </SECTION>
        <SECTION>
            <TITRE>contexte</TITRE>
            <PARAGRAPHE/>
            <PARAGRAPHE>contexte</PARAGRAPHE>
            <PARAGRAPHE>Routine journalière assez mouvementée
                Stress journalier et tendances a l’oubli
                Entres autres …
                Conséquences 
&gt;&gt;&gt; Pertes fréquentes d’objets
&gt;&gt;&gt; Chances de récupération assez faibles
&gt;&gt;&gt; blocages de procédures ,dépenses imprévues, difficultés de réappropriation, perte de temps …

            </PARAGRAPHE>
        </SECTION>
        <SECTION>
            <TITRE>Problématique</TITRE>
            <PARAGRAPHE>Problématique</PARAGRAPHE>
            <PARAGRAPHE>Difficultés de récupérations des biens égarés dues à:  
                Prise de contact entre « le ramasseur » et le propriétaire.
                Manque de références sur ces biens
                Rares initiatives d’entraide
            </PARAGRAPHE>
        </SECTION>
        <SECTION>
            <TITRE>Objectifs</TITRE>
            <PARAGRAPHE/>
            <PARAGRAPHE>Objectifs</PARAGRAPHE>
            <PARAGRAPHE>Restitution des biens ou objets égarés grâce à une application favorisant :
&gt;&gt;&gt; La facilitation de la prise de contact entre le « ramasseur » et le propriétaire
&gt;&gt;&gt; Une plus grande visibilité des objets égarés sur le net à travers une application simple intuitive et facile à prendre en main
&gt;&gt;&gt; La promotion de l’initiative d’entraide publique  à travers la relation « ramasseur » et « propriétaire »</PARAGRAPHE>
        </SECTION>
        <SECTION>
            <PARAGRAPHE/>
            <PARAGRAPHE/>
            <PARAGRAPHE/>
        </SECTION>
        <SECTION>
            <TITRE>Définition des besoins</TITRE>
            <PARAGRAPHE/>
            <PARAGRAPHE>Définition des besoins</PARAGRAPHE>
            <PARAGRAPHE>Besoins fonctionnels:
&gt;&gt;&gt; Permettre aux utilisateurs d’avoir accès  à des interfaces de déclaration de perte et/ou de rechercher un objet précis

&gt;&gt;&gt;Permettre aux administrateurs de 
                gérer les cas ( fonctions standards de modification, suppression, affichage …)
            </PARAGRAPHE>
        </SECTION>
        <SECTION>
            <TITRE>Méthodologie d’analyses</TITRE>
            <PARAGRAPHE/>
            <PARAGRAPHE>Méthodologie d’analyses</PARAGRAPHE>
            <PARAGRAPHE>UML (Unified Modeling Langage):
                un langage de modélisation des systèmes d’information
                S'adapte à n'importe quel langage de programmation orientée objet (POO)
                Permet de simuler le système étudié c’est-à-dire reproduire ses comportements ;
                Facilite la compréhension des représentations abstraites des données complexes</PARAGRAPHE>
        </SECTION>
        <SECTION>
            <TITRE>Modèles de données</TITRE>
            <PARAGRAPHE/>
            <PARAGRAPHE>Modèles de données</PARAGRAPHE>
            <PARAGRAPHE>Diagramme des cas d’utilisation
                Diagramme de séquence(Authentification)
                Diagramme de classe 
                Diagramme de déploiement</PARAGRAPHE>
        </SECTION>
        <SECTION>
            <TITRE>Diagramme des cas d’utilisation </TITRE>
            <PARAGRAPHE/>
            <PARAGRAPHE>Diagramme des cas d’utilisation </PARAGRAPHE>
            <ENVIMAGE image="file:///C:\Users\Serigne\Documents\NetBeansProjects\EAst Converter\image_2.png">
                <IMAGE fichier="file:///C:\Users\Serigne\Documents\NetBeansProjects\EAst Converter\image_2.png" alt="Test image" largeur="50" hauteur="50"/>
            </ENVIMAGE>
            <PARAGRAPHE/>
        </SECTION>
        <SECTION>
            <TITRE>Diagramme de séquence (authentification)</TITRE>
            <PARAGRAPHE/>
            <PARAGRAPHE>Diagramme de séquence (authentification)</PARAGRAPHE>
            <ENVIMAGE image="file:///C:\Users\Serigne\Documents\NetBeansProjects\EAst Converter\image_2.png">
                <IMAGE fichier="file:///C:\Users\Serigne\Documents\NetBeansProjects\EAst Converter\image_2.png" alt="Test image" largeur="50" hauteur="50"/>
            </ENVIMAGE>
            <PARAGRAPHE/>
        </SECTION>
        <SECTION>
            <TITRE>Diagramme de classe</TITRE>
            <PARAGRAPHE/>
            <PARAGRAPHE>Diagramme de classe</PARAGRAPHE>
            <ENVIMAGE image="file:///C:\Users\Serigne\Documents\NetBeansProjects\EAst Converter\image_2.png">
                <IMAGEOBJECT fichier="file:///C:\Users\Serigne\Documents\NetBeansProjects\EAst Converter\image_2.png" alt="Test image" largeur="50" hauteur="50"/>
            </ENVIMAGE>
            <PARAGRAPHE/>
        </SECTION>
        <SECTION>
            <TITRE>Diagramme de déploiement</TITRE>
            <PARAGRAPHE/>
            <PARAGRAPHE>Diagramme de déploiement</PARAGRAPHE>
            <ENVIMAGE image="file:///C:\Users\Serigne\Documents\NetBeansProjects\EAst Converter\image_2.png">
                <IMAGE fichier="file:///C:\Users\Serigne\Documents\NetBeansProjects\EAst Converter\image_2.png" alt="Test image" largeur="50" hauteur="50"/>
            </ENVIMAGE>
            <PARAGRAPHE/>
        </SECTION>
        <SECTION>
            <PARAGRAPHE/>
            <PARAGRAPHE/>
            <PARAGRAPHE/>
        </SECTION>
        <SECTION>
            <TITRE>Pourquoi une application web ?</TITRE>
            <PARAGRAPHE/>
            <PARAGRAPHE>Pourquoi une application web ?</PARAGRAPHE>
            <PARAGRAPHE>Visibilité et Accessibilité de l’application via l’internet

                Permettre aux ramasseurs de déclarer de n’importe où.

                Permettre aux propriétaires de se connecter a l’application de n’importe où.

                Entre autres…
            </PARAGRAPHE>
        </SECTION>
        <SECTION>
            <TITRE>Technologies et outils utilises</TITRE>
            <PARAGRAPHE/>
            <PARAGRAPHE>Technologies et outils utilises</PARAGRAPHE>
            <PARAGRAPHE>Technologies :
                html
                Css
                JavaScript
                Bootstrap
                JQuery
                Apache/ PHP / MySQL



            </PARAGRAPHE>
        </SECTION>
        <SECTION>
            <TITRE>OUTILS</TITRE>
            <PARAGRAPHE/>
            <PARAGRAPHE>OUTILS</PARAGRAPHE>
            <PARAGRAPHE>Notepad++/Sublime Text / PHP Storm

                WampServer (PHPMyAdmin inclus)




            </PARAGRAPHE>
        </SECTION>
        <SECTION>
            <TITRE>Présentation de l’application </TITRE>
            <PARAGRAPHE/>
            <PARAGRAPHE>Présentation de l’application </PARAGRAPHE>
        </SECTION>
        <SECTION>
            <PARAGRAPHE/>
            <ENVIMAGE image="file:///C:\Users\Serigne\Documents\NetBeansProjects\EAst Converter\image_1.png">
                <IMAGE fichier="file:///C:\Users\Serigne\Documents\NetBeansProjects\EAst Converter\image_1.png" alt="Test image" largeur="50" hauteur="50"/>
            </ENVIMAGE>
            <PARAGRAPHE/>
        </SECTION>
        <SECTION>
            <TITRE>Bilan et Perspectives
            </TITRE>
            <PARAGRAPHE/>
            <PARAGRAPHE>Bilan et Perspectives
            </PARAGRAPHE>
            <PARAGRAPHE>Bilan :
&gt;&gt;&gt; application web vitrine
 
&gt;&gt;&gt; augmentation des chances de récupération 

&gt;&gt;&gt; promotion de la citoyenneté a travers l’entraide publique
            </PARAGRAPHE>
        </SECTION>
        <SECTION>
            <TITRE>PERSPECTIVES</TITRE>
            <PARAGRAPHE/>
            <PARAGRAPHE>PERSPECTIVES</PARAGRAPHE>
            <PARAGRAPHE>Perspectives:
&gt;&gt;&gt; mise en ligne (beta version)
&gt;&gt;&gt; prise en main de fichiers images à titre illustratif des objets perdus…
&gt;&gt;&gt; Implémentation d’un moteur de recherche (ex : ElasticSearch, Sphinx…)
&gt;&gt;&gt; Entamer la seconde phase 
&gt;&gt;&gt; Implémentation d’un système de notification alerte (Sms , appels vocaux…)</PARAGRAPHE>
        </SECTION>
        <SECTION>
            <TITRE>Conclusion</TITRE>
            <PARAGRAPHE/>
            <PARAGRAPHE>Conclusion</PARAGRAPHE>
            <PARAGRAPHE>Aide à la récupération des biens perdus ou égarés par leurs propriétaires

                Création d’une application web accessible à tous et facile à utiliser

                Wouti nom de la plateforme ActiveFindSYTEM
            </PARAGRAPHE>
        </SECTION>
        <SECTION>
            <TITRE>Merci à tous.</TITRE>
            <PARAGRAPHE/>
            <PARAGRAPHE>Merci à tous.</PARAGRAPHE>
            <ENVIMAGE image="file:///C:\Users\Serigne\Documents\NetBeansProjects\EAst Converter\image_2.png">
                <IMAGE fichier="file:///C:\Users\Serigne\Documents\NetBeansProjects\EAst Converter\image_2.png" alt="Test image" largeur="50" hauteur="50"/>
            </ENVIMAGE>
            <PARAGRAPHE/>
            <PARAGRAPHE/>
        </SECTION>
    </PARTIE>
</EAST>
