<?xml version="1.0" encoding="UTF-8" standalone="yes"?>
<EAST>
    <PIEDPAGE_GAUCHE>Utilisation de JAXB</PIEDPAGE_GAUCHE>
    <PIEDPAGE_DROIT>Samedi le 10 Fevrier 2018</PIEDPAGE_DROIT>
    <PAGE_TITRE>
        <TITRE>Ma premier tranformation PPTX vers EAST</TITRE>
        <SOUS_TITRE>In shaa Allah</SOUS_TITRE>
        <AUTEUR>Serigne BODIAN</AUTEUR>
        <EMAIL>massebodian@mail.com</EMAIL>
    </PAGE_TITRE>
    <PARTIE>
        <TITRE>Ppoint for east.pptx</TITRE>
        <SECTION>
            <PARAGRAPHE>OBJECTIF</PARAGRAPHE>
            <PARAGRAPHE>LIFE IS A MISSION</PARAGRAPHE>
        </SECTION>
        <SECTION>
            <PARAGRAPHE>Introduction
                https://www.google.sn
            </PARAGRAPHE>
            <PARAGRAPHE>Ceci est la Tech ms</PARAGRAPHE>
            <PARAGRAPHE>11/02-2018</PARAGRAPHE>
            <PARAGRAPHE>PowerPoint</PARAGRAPHE>
            <ENVIMAGE image="file:///C:\Users\Serigne\Documents\NetBeansProjects\EAst Converter\image_2.png">
                <IMAGE fichier="file:///C:\Users\Serigne\Documents\NetBeansProjects\EAst Converter\image_2.png" alt="Test image" largeur="15" hauteur="15"/>
            </ENVIMAGE>
        </SECTION>
        <SECTION>
            <TITRE>Développement</TITRE>
            <PARAGRAPHE>Développement</PARAGRAPHE>
            <ENVIMAGE image="file:///C:\Users\Serigne\Documents\NetBeansProjects\EAst Converter\image_1.jpg">
                <IMAGE fichier="file:///C:\Users\Serigne\Documents\NetBeansProjects\EAst Converter\image_1.jpg" alt="Test image" largeur="15" hauteur="17"/>
            </ENVIMAGE>
            <LISTE>
                <EL>Orange</EL>
                <EL>Mange</EL>
                <EL>Pomme</EL>
            </LISTE>
        </SECTION>
        <SECTION>
            <TITRE>yeah</TITRE>
            <PARAGRAPHE>yeah</PARAGRAPHE>
            <PARAGRAPHE>go</PARAGRAPHE>
            <PARAGRAPHE>wussup</PARAGRAPHE>
        </SECTION>
        <SECTION>
            <TITRE>Conclusion	</TITRE>
            <PARAGRAPHE>Conclusion	</PARAGRAPHE>
            <LISTE>
                <EL>BILAN						</EL>
            </LISTE>
            <LISTE>
                <EL>PERSPECTIVES</EL>
            </LISTE>
        </SECTION>
    </PARTIE>
</EAST>